{
  "model_name": "content_logistic",
  "training_time": 8.221516132354736,
  "user_group_results": {
    "moderate_users": {
      "precision_at_k": 0.6983962599124156,
      "recall_at_k": 0.8560665468884068,
      "ndcg_at_k": 0.9176191738982555,
      "coverage": 0.9970426700464723,
      "num_users_evaluated": 3636,
      "model_name": "content_logistic",
      "complexity_level": "low",
      "approach_type": "content",
      "feature_importance": {
        "genre_action": 0.0005360012077162415,
        "genre_adventure": 0.009524633126868921,
        "genre_animation": 0.002661246345828009,
        "genre_children's": 0.0009422321322851173,
        "genre_comedy": 0.0014760362824949409,
        "genre_crime": 0.0002079156256184957,
        "genre_documentary": 0.0005285440903259471,
        "genre_drama": 0.011078719080547991,
        "genre_fantasy": 0.0024342176095019283,
        "genre_film-noir": 0.0008199032796348022,
        "genre_horror": 0.011247271671427373,
        "genre_musical": 0.0067806068999949065,
        "genre_mystery": 0.0034756808520830526,
        "genre_romance": 0.01417710290857464,
        "genre_sci-fi": 0.008616263566779988,
        "genre_thriller": 0.006845925430133075,
        "genre_war": 0.002267040919666034,
        "genre_western": 0.0022188131028160066,
        "movie_rating_count": 0.006955468132810649,
        "movie_avg_rating": 0.3664044862325747,
        "user_rating_count_x": 0.037112237113028315,
        "user_avg_rating_x": 0.2942669976369452,
        "genre_Action": 0.0005063061232081,
        "genre_Adventure": 0.002360300597350399,
        "genre_Animation": 0.002761045856404738,
        "genre_Children's": 0.0021292322972286124,
        "genre_Comedy": 0.002166447547227644,
        "genre_Crime": 0.0009357787703446607,
        "genre_Documentary": 0.0003624244647262317,
        "genre_Drama": 0.0031955367633625218,
        "genre_Fantasy": 0.0003297069541017297,
        "genre_Film-Noir": 0.0004842717340747103,
        "genre_Horror": 0.0006276899994001063,
        "genre_Musical": 0.0018741586803479756,
        "genre_Mystery": 2.1897171877183026e-05,
        "genre_Romance": 0.003846149286200926,
        "genre_Sci-Fi": 0.0037737353178282024,
        "genre_Thriller": 0.0017982597988644984,
        "genre_War": 0.00011631410010645071,
        "genre_Western": 0.0007135853791468534,
        "avg_rating": 0.3664106093112672,
        "rating_count": 0.006955468132810649,
        "user_avg_rating_y": 0.2942689638558785,
        "user_rating_count_y": 0.037112237113028315,
        "age_group_encoded": 0.027492591049538412
      },
      "model_info": {
        "name": "content_logistic",
        "complexity_level": "low",
        "approach_type": "content",
        "is_fitted": true,
        "feature_count": 45,
        "feature_names": [
          "genre_action",
          "genre_adventure",
          "genre_animation",
          "genre_children's",
          "genre_comedy",
          "genre_crime",
          "genre_documentary",
          "genre_drama",
          "genre_fantasy",
          "genre_film-noir"
        ]
      },
      "evaluation_time": 4.580459117889404,
      "test_users_count": 3636
    },
    "active_users": {
      "precision_at_k": 0.8119351100811124,
      "recall_at_k": 0.3413361223090619,
      "ndcg_at_k": 0.9387061563513383,
      "coverage": 0.3316062176165803,
      "num_users_evaluated": 1726,
      "model_name": "content_logistic",
      "complexity_level": "low",
      "approach_type": "content",
      "feature_importance": {
        "genre_action": 0.0005360012077162415,
        "genre_adventure": 0.009524633126868921,
        "genre_animation": 0.002661246345828009,
        "genre_children's": 0.0009422321322851173,
        "genre_comedy": 0.0014760362824949409,
        "genre_crime": 0.0002079156256184957,
        "genre_documentary": 0.0005285440903259471,
        "genre_drama": 0.011078719080547991,
        "genre_fantasy": 0.0024342176095019283,
        "genre_film-noir": 0.0008199032796348022,
        "genre_horror": 0.011247271671427373,
        "genre_musical": 0.0067806068999949065,
        "genre_mystery": 0.0034756808520830526,
        "genre_romance": 0.01417710290857464,
        "genre_sci-fi": 0.008616263566779988,
        "genre_thriller": 0.006845925430133075,
        "genre_war": 0.002267040919666034,
        "genre_western": 0.0022188131028160066,
        "movie_rating_count": 0.006955468132810649,
        "movie_avg_rating": 0.3664044862325747,
        "user_rating_count_x": 0.037112237113028315,
        "user_avg_rating_x": 0.2942669976369452,
        "genre_Action": 0.0005063061232081,
        "genre_Adventure": 0.002360300597350399,
        "genre_Animation": 0.002761045856404738,
        "genre_Children's": 0.0021292322972286124,
        "genre_Comedy": 0.002166447547227644,
        "genre_Crime": 0.0009357787703446607,
        "genre_Documentary": 0.0003624244647262317,
        "genre_Drama": 0.0031955367633625218,
        "genre_Fantasy": 0.0003297069541017297,
        "genre_Film-Noir": 0.0004842717340747103,
        "genre_Horror": 0.0006276899994001063,
        "genre_Musical": 0.0018741586803479756,
        "genre_Mystery": 2.1897171877183026e-05,
        "genre_Romance": 0.003846149286200926,
        "genre_Sci-Fi": 0.0037737353178282024,
        "genre_Thriller": 0.0017982597988644984,
        "genre_War": 0.00011631410010645071,
        "genre_Western": 0.0007135853791468534,
        "avg_rating": 0.3664106093112672,
        "rating_count": 0.006955468132810649,
        "user_avg_rating_y": 0.2942689638558785,
        "user_rating_count_y": 0.037112237113028315,
        "age_group_encoded": 0.027492591049538412
      },
      "model_info": {
        "name": "content_logistic",
        "complexity_level": "low",
        "approach_type": "content",
        "is_fitted": true,
        "feature_count": 45,
        "feature_names": [
          "genre_action",
          "genre_adventure",
          "genre_animation",
          "genre_children's",
          "genre_comedy",
          "genre_crime",
          "genre_documentary",
          "genre_drama",
          "genre_fantasy",
          "genre_film-noir"
        ]
      },
      "evaluation_time": 2.9126460552215576,
      "test_users_count": 1726
    },
    "power_users": {
      "precision_at_k": 0.831858407079646,
      "recall_at_k": 0.15744776168469354,
      "ndcg_at_k": 0.9437954686353521,
      "coverage": 0.11863823933975241,
      "num_users_evaluated": 678,
      "model_name": "content_logistic",
      "complexity_level": "low",
      "approach_type": "content",
      "feature_importance": {
        "genre_action": 0.0005360012077162415,
        "genre_adventure": 0.009524633126868921,
        "genre_animation": 0.002661246345828009,
        "genre_children's": 0.0009422321322851173,
        "genre_comedy": 0.0014760362824949409,
        "genre_crime": 0.0002079156256184957,
        "genre_documentary": 0.0005285440903259471,
        "genre_drama": 0.011078719080547991,
        "genre_fantasy": 0.0024342176095019283,
        "genre_film-noir": 0.0008199032796348022,
        "genre_horror": 0.011247271671427373,
        "genre_musical": 0.0067806068999949065,
        "genre_mystery": 0.0034756808520830526,
        "genre_romance": 0.01417710290857464,
        "genre_sci-fi": 0.008616263566779988,
        "genre_thriller": 0.006845925430133075,
        "genre_war": 0.002267040919666034,
        "genre_western": 0.0022188131028160066,
        "movie_rating_count": 0.006955468132810649,
        "movie_avg_rating": 0.3664044862325747,
        "user_rating_count_x": 0.037112237113028315,
        "user_avg_rating_x": 0.2942669976369452,
        "genre_Action": 0.0005063061232081,
        "genre_Adventure": 0.002360300597350399,
        "genre_Animation": 0.002761045856404738,
        "genre_Children's": 0.0021292322972286124,
        "genre_Comedy": 0.002166447547227644,