{
  "model_name": "content_gb",
  "training_time": 328.4552068710327,
  "user_group_results": {
    "moderate_users": {
      "precision_at_k": 0.6984238765928907,
      "recall_at_k": 0.8561423939272738,
      "ndcg_at_k": 0.9187428479027727,
      "coverage": 0.9995775242923531,
      "num_users_evaluated": 3636,
      "model_name": "content_gb",
      "complexity_level": "medium",
      "approach_type": "content",
      "feature_importance": {
        "genre_action": 0.0024988168974297803,
        "genre_adventure": 0.004792385077626261,
        "genre_animation": 0.0003000826934270787,
        "genre_children's": 0.003377448812667537,
        "genre_comedy": 0.0037979785583067147,
        "genre_crime": 0.0012212147014839644,
        "genre_documentary": 0.00010625754328824705,
        "genre_drama": 0.0022499120125944686,
        "genre_fantasy": 0.0013027733720370575,
        "genre_film-noir": 0.00016577505613877414,
        "genre_horror": 0.00631256067408612,
        "genre_musical": 0.00251225682134458,
        "genre_mystery": 0.0004729999181060164,
        "genre_romance": 0.006126089354064146,
        "genre_sci-fi": 0.0023292229710708606,
        "genre_thriller": 0.005956298661824237,
        "genre_war": 0.0006132556216431695,
        "genre_western": 0.0008732900545031389,
        "movie_rating_count": 0.00994785136431878,
        "movie_avg_rating": 0.5709760643515118,
        "user_rating_count_x": 0.04502512339961601,
        "user_avg_rating_x": 0.46597793335632137,
        "genre_Action": 0.0006068222253077874,
        "genre_Adventure": 4.977130303727536e-05,
        "genre_Animation": 0.00041497837102802583,
        "genre_Children's": 0.00037906536906676125,
        "genre_Comedy": 0.0005748281397331496,
        "genre_Crime": 0.0003324982287702787,
        "genre_Documentary": 5.09837432178405e-05,
        "genre_Drama": 0.0005898702873466626,
        "genre_Fantasy": 0.00012450436431834814,
        "genre_Film-Noir": 1.7627261810130005e-05,
        "genre_Horror": 0.00017569037753808502,
        "genre_Musical": 0.00017907496603836553,
        "genre_Mystery": 0.0001394004647534398,
        "genre_Romance": 0.0004584576516784129,
        "genre_Sci-Fi": 0.0021490523530626497,
        "genre_Thriller": 0.0002764341036282969,
        "genre_War": 0.00014113604769581427,
        "genre_Western": 0.0002536266028586463,
        "avg_rating": 0.2423492700566319,
        "rating_count": 0.007909581878728643,
        "user_avg_rating_y": 0.13121635528675404,
        "user_rating_count_y": 0.04694243951743744,
        "age_group_encoded": 0.06298477804934614
      },
      "model_info": {
        "name": "content_gb",
        "complexity_level": "medium",
        "approach_type": "content",
        "is_fitted": true,
        "feature_count": 45,
        "feature_names": [
          "genre_action",
          "genre_adventure",
          "genre_animation",
          "genre_children's",
          "genre_comedy",
          "genre_crime",
          "genre_documentary",
          "genre_drama",
          "genre_fantasy",
          "genre_film-noir"
        ]
      },
      "evaluation_time": 4.539912939071655,
      "test_users_count": 3636
    },
    "active_users": {
      "precision_at_k": 0.8137891077636152,
      "recall_at_k": 0.34306374698517367,
      "ndcg_at_k": 0.9408441929173982,
      "coverage": 0.3471502590673575,
      "num_users_evaluated": 1726,
      "model_name": "content_gb",
      "complexity_level": "medium",
      "approach_type": "content",
      "feature_importance": {
        "genre_action": 0.0024988168974297803,
        "genre_adventure": 0.004792385077626261,
        "genre_animation": 0.0003000826934270787,
        "genre_children's": 0.003377448812667537,
        "genre_comedy": 0.0037979785583067147,
        "genre_crime": 0.0012212147014839644,
        "genre_documentary": 0.00010625754328824705,
        "genre_drama": 0.0022499120125944686,
        "genre_fantasy": 0.0013027733720370575,
        "genre_film-noir": 0.00016577505613877414,
        "genre_horror": 0.00631256067408612,
        "genre_musical": 0.00251225682134458,
        "genre_mystery": 0.0004729999181060164,
        "genre_romance": 0.006126089354064146,
        "genre_sci-fi": 0.0023292229710708606,
        "genre_thriller": 0.005956298661824237,
        "genre_war": 0.0006132556216431695,
        "genre_western": 0.0008732900545031389,
        "movie_rating_count": 0.00994785136431878,
        "movie_avg_rating": 0.5709760643515118,
        "user_rating_count_x": 0.04502512339961601,
        "user_avg_rating_x": 0.46597793335632137,
        "genre_Action": 0.0006068222253077874,
        "genre_Adventure": 4.977130303727536e-05,
        "genre_Animation": 0.00041497837102802583,
        "genre_Children's": 0.00037906536906676125,
        "genre_Comedy": 0.0005748281397331496,
        "genre_Crime": 0.0003324982287702787,
        "genre_Documentary": 5.09837432178405e-05,
        "genre_Drama": 0.0005898702873466626,
        "genre_Fantasy": 0.00012450436431834814,
        "genre_Film-Noir": 1.7627261810130005e-05,
        "genre_Horror": 0.00017569037753808502,
        "genre_Musical": 0.00017907496603836553,
        "genre_Mystery": 0.0001394004647534398,
        "genre_Romance": 0.0004584576516784129,
        "genre_Sci-Fi": 0.0021490523530626497,
        "genre_Thriller": 0.0002764341036282969,
        "genre_War": 0.00014113604769581427,
        "genre_Western": 0.0002536266028586463,
        "avg_rating": 0.2423492700566319,
        "rating_count": 0.007909581878728643,
        "user_avg_rating_y": 0.13121635528675404,
        "user_rating_count_y": 0.04694243951743744,
        "age_group_encoded": 0.06298477804934614
      },
      "model_info": {
        "name": "content_gb",
        "complexity_level": "medium",
        "approach_type": "content",
        "is_fitted": true,
        "feature_count": 45,
        "feature_names": [
          "genre_action",
          "genre_adventure",
          "genre_animation",
          "genre_children's",
          "genre_comedy",
          "genre_crime",
          "genre_documentary",
          "genre_drama",
          "genre_fantasy",
          "genre_film-noir"
        ]
      },
      "evaluation_time": 2.8712759017944336,
      "test_users_count": 1726
    },
    "power_users": {
      "precision_at_k": 0.8386430678466077,
      "recall_at_k": 0.15916747790417576,
      "ndcg_at_k": 0.9451901180375957,
      "coverage": 0.12895460797799174,
      "num_users_evaluated": 678,
      "model_name": "content_gb",
      "complexity_level": "medium",
      "approach_type": "content",
      "feature_importance": {
        "genre_action": 0.0024988168974297803,
        "genre_adventure": 0.004792385077626261,
        "genre_animation": 0.0003000826934270787,
        "genre_children's": 0.003377448812667537,
        "genre_comedy": 0.0037979785583067147,
        "genre_crime": 0.0012212147014839644,
        "genre_documentary": 0.00010625754328824705,
        "genre_drama": 0.0022499120125944686,
        "genre_fantasy": 0.0013027733720370575,
        "genre_film-noir": 0.00016577505613877414,
        "genre_horror": 0.00631256067408612,
        "genre_musical": 0.00251225682134458,
        "genre_mystery": 0.0004729999181060164,
        "genre_romance": 0.006126089354064146,
        "genre_sci-fi": 0.0023292229710708606,
        "genre_thriller": 0.005956298661824237,
        "genre_war": 0.0006132556216431695,
        "genre_western": 0.0008732900545031389,
        "movie_rating_count": 0.00994785136431878,
        "movie_avg_rating": 0.5709760643515118,
        "user_rating_count_x": 0.04502512339961601,
        "user_avg_rating_x": 0.46597793335632137,
        "genre_Action": 0.0006068222253077874,
        "genre_Adventure": 4.977130303727536e-05,
        "genre_Animation": 0.00041497837102802583,
        "genre_Children's": 0.00037906536906676125,
        "genre_Comedy": 0.0005748281397331496,