{
  "model_name": "collaborative_svd",
  "training_time": 275.77387595176697,
  "user_group_results": {
    "moderate_users": {
      "precision_at_k": 0.045429439381386355,
      "recall_at_k": 0.07949195752438168,
      "ndcg_at_k": 0.38173780660456746,
      "coverage": 0.17574989438107308,
      "num_users_evaluated": 3636,
      "model_name": "collaborative_svd",
      "complexity_level": "low",
      "approach_type": "collaborative",
      "feature_importance": {
        "component_0": 0.10545082352320885,
        "component_1": 0.029270333702894082,
        "component_2": 0.02161866699609953,
        "component_3": 0.016077127769041806,
        "component_4": 0.01232395868469386,
        "component_5": 0.011644430641158556,
        "component_6": 0.010361241193808858,
        "component_7": 0.007851693218707418,
        "component_8": 0.007462719913541043,
        "component_9": 0.006598610390839662,
        "component_10": 0.005625136936809625,
        "component_11": 0.0051613227406793385,
        "component_12": 0.004544342954983633,
        "component_13": 0.00437088441701273,
        "component_14": 0.004245107882397195,
        "component_15": 0.004032219501046984,
        "component_16": 0.003740851333947048,
        "component_17": 0.0035538502162846433,
        "component_18": 0.0034021319659747044,
        "component_19": 0.003305495087912621,
        "component_20": 0.003271203747644948,
        "component_21": 0.003064847473360409,
        "component_22": 0.002917340156890627,
        "component_23": 0.0028475345288154204,
        "component_24": 0.002718412759725478,
        "component_25": 0.0026955887597418437,
        "component_26": 0.002641906208936995,
        "component_27": 0.002555740925623779,
        "component_28": 0.0024977554512884237,
        "component_29": 0.002478202891380711,
        "component_30": 0.002390693227639925,
        "component_31": 0.002329125935972885,
        "component_32": 0.0022679653747412027,
        "component_33": 0.002231352398227094,
        "component_34": 0.0021973119322854706,
        "component_35": 0.0021841030278060983,
        "component_36": 0.0021185244260864466,
        "component_37": 0.0021029584767950386,
        "component_38": 0.0020855058976647772,
        "component_39": 0.0020761267746944078,
        "component_40": 0.002017228149103412,
        "component_41": 0.0020065156349448445,
        "component_42": 0.001967646582859291,
        "component_43": 0.0019635430909382225,
        "component_44": 0.001942418104980882,
        "component_45": 0.0018985884725982469,
        "component_46": 0.0018926208847347102,
        "component_47": 0.001876955131101979,
        "component_48": 0.0018694039464753124,
        "component_49": 0.0018176699251790218
      },
      "model_info": {
        "name": "collaborative_svd",
        "complexity_level": "low",
        "approach_type": "collaborative",
        "is_fitted": true,
        "feature_count": 0,
        "feature_names": []
      },
      "evaluation_time": 3.908428907394409,
      "test_users_count": 3636
    },
    "active_users": {
      "precision_at_k": 0.03424101969872538,
      "recall_at_k": 0.015016678016974263,
      "ndcg_at_k": 0.375299298172266,
      "coverage": 0.12065136935603257,
      "num_users_evaluated": 1726,
      "model_name": "collaborative_svd",
      "complexity_level": "low",
      "approach_type": "collaborative",
      "feature_importance": {
        "component_0": 0.10545082352320885,
        "component_1": 0.029270333702894082,
        "component_2": 0.02161866699609953,
        "component_3": 0.016077127769041806,
        "component_4": 0.01232395868469386,
        "component_5": 0.011644430641158556,
        "component_6": 0.010361241193808858,
        "component_7": 0.007851693218707418,
        "component_8": 0.007462719913541043,
        "component_9": 0.006598610390839662,
        "component_10": 0.005625136936809625,
        "component_11": 0.0051613227406793385,
        "component_12": 0.004544342954983633,
        "component_13": 0.00437088441701273,
        "component_14": 0.004245107882397195,
        "component_15": 0.004032219501046984,
        "component_16": 0.003740851333947048,
        "component_17": 0.0035538502162846433,
        "component_18": 0.0034021319659747044,
        "component_19": 0.003305495087912621,
        "component_20": 0.003271203747644948,
        "component_21": 0.003064847473360409,
        "component_22": 0.002917340156890627,
        "component_23": 0.0028475345288154204,
        "component_24": 0.002718412759725478,
        "component_25": 0.0026955887597418437,
        "component_26": 0.002641906208936995,
        "component_27": 0.002555740925623779,
        "component_28": 0.0024977554512884237,
        "component_29": 0.002478202891380711,
        "component_30": 0.002390693227639925,
        "component_31": 0.002329125935972885,
        "component_32": 0.0022679653747412027,
        "component_33": 0.002231352398227094,
        "component_34": 0.0021973119322854706,
        "component_35": 0.0021841030278060983,
        "component_36": 0.0021185244260864466,
        "component_37": 0.0021029584767950386,
        "component_38": 0.0020855058976647772,
        "component_39": 0.0020761267746944078,
        "component_40": 0.002017228149103412,
        "component_41": 0.0020065156349448445,
        "component_42": 0.001967646582859291,
        "component_43": 0.0019635430909382225,
        "component_44": 0.001942418104980882,
        "component_45": 0.0018985884725982469,
        "component_46": 0.0018926208847347102,
        "component_47": 0.001876955131101979,
        "component_48": 0.0018694039464753124,
        "component_49": 0.0018176699251790218
      },
      "model_info": {
        "name": "collaborative_svd",
        "complexity_level": "low",
        "approach_type": "collaborative",
        "is_fitted": true,
        "feature_count": 0,
        "feature_names": []
      },
      "evaluation_time": 1.9921889305114746,
      "test_users_count": 1726
    },
    "power_users": {
      "precision_at_k": 0.02492625368731563,
      "recall_at_k": 0.005296193947849878,
      "ndcg_at_k": 0.37193504314130676,
      "coverage": 0.10385144429160935,
      "num_users_evaluated": 678,
      "model_name": "collaborative_svd",
      "complexity_level": "low",
      "approach_type": "collaborative",
      "feature_importance": {
        "component_0": 0.10545082352320885,
        "component_1": 0.029270333702894082,
        "component_2": 0.02161866699609953,
        "component_3": 0.016077127769041806,
        "component_4": 0.01232395868469386,
        "component_5": 0.011644430641158556,
        "component_6": 0.010361241193808858,
        "component_7": 0.007851693218707418,
        "component_8": 0.007462719913541043,
        "component_9": 0.006598610390839662,
        "component_10": 0.005625136936809625,
        "component_11": 0.0051613227406793385,
        "component_12": 0.004544342954983633,
        "component_13": 0.00437088441701273,
        "component_14": 0.004245107882397195,
        "component_15": 0.004032219501046984,
        "component_16": 0.003740851333947048,
        "component_17": 0.0035538502162846433,
        "component_18": 0.0034021319659747044,
        "component_19": 0.003305495087912621,
        "component_20": 0.003271203747644948,
        "component_21": 0.003064847473360409,
        "component_22": 0.002917340156890627,
        "component_23": 0.0028475345288154204,
        "component_24": 0.002718412759725478,
        "component_25": 0.0026955887597418437,
        "component_26": 0.002641906208936995,
        "component_27": 0.002555740925623779,
        "component_28": 0.0024977554512884237,
        "component_29": 0.002478202891380711,
        "component_30": 0.002390693227639925,
        "component_31": 0.002329125935972885,
        "component_32": 0.0022679653747412027,